"trial","ref_position","var_area","response","correct","rt"
1,"R",9.09350724727847,"R",FALSE,4.20000004768372
2,"L",13.9410967559088,"L",FALSE,1.86200022697449
3,"R",14.1680474756286,"R",FALSE,1.18400001525879
4,"L",8.59534586267546,"L",TRUE,2.38700008392334
5,"R",8.77951918006875,"L",FALSE,1.47499966621399
6,"L",13.4752890293021,"L",FALSE,1.08400011062622
7,"L",9.88416593079455,"R",TRUE,1.39700031280518
8,"L",9.5718193736393,"L",FALSE,0.860999822616577
9,"R",9.61731606605463,"R",FALSE,1.06800007820129
10,"L",8.19308117451146,"L",TRUE,0.771999835968018
11,"L",10.9019037031103,"R",TRUE,1.57599997520447
12,"L",12.6965943723917,"L",FALSE,0.896000146865845
13,"L",12.440189154353,"R",TRUE,1.08099985122681
14,"R",11.4487011972815,"L",TRUE,1.27800011634827
15,"L",13.5086582556833,"L",FALSE,0.868000268936157
16,"R",14.244972029468,"L",TRUE,1.07100009918213
17,"L",11.6290591042489,"L",FALSE,1.07500004768372
18,"L",12.850399132818,"L",FALSE,0.980999946594238
19,"R",11.0960948660504,"L",TRUE,0.873999834060669
20,"L",13.8570712404326,"R",TRUE,0.973999977111816